venue_id,venue_name,venue_city,date,temp_max_c,temp_min_c,rel_humidity_pct,precip_mm,wind_max_kmh,wbgt_approx,heat_stress_flag,venue_altitude_m
1,Atlanta Stadium,Atlanta,2026-06-11,27.5,21.1,75,8.34,14.5,25.44,0,290.0
1,Atlanta Stadium,Atlanta,2026-06-12,27.1,22.1,87,20.67,9.8,26.04,0,290.0
1,Atlanta Stadium,Atlanta,2026-06-13,28.3,21.5,87,10.61,10.0,27.2,0,290.0
1,Atlanta Stadium,Atlanta,2026-06-14,28.4,20.4,82,0.83,7.9,26.87,0,290.0
1,Atlanta Stadium,Atlanta,2026-06-15,26.4,20.0,82,4.7,12.9,24.97,0,290.0
1,Atlanta Stadium,Atlanta,2026-06-16,25.2,18.9,88,2.96,17.9,24.29,0,290.0
1,Atlanta Stadium,Atlanta,2026-06-17,28.3,20.3,86,0.84,14.8,27.11,0,290.0
1,Atlanta Stadium,Atlanta,2026-06-18,30.6,21.0,82,0.56,10.0,28.95,1,290.0
1,Atlanta Stadium,Atlanta,2026-06-19,29.0,21.7,83,11.92,10.5,27.52,0,290.0
1,Atlanta Stadium,Atlanta,2026-06-20,24.2,18.6,90,4.71,26.6,23.47,0,290.0
1,Atlanta Stadium,Atlanta,2026-06-21,26.8,14.1,65,0.0,19.5,23.99,0,290.0
1,Atlanta Stadium,Atlanta,2026-06-22,28.6,14.7,56,0.0,13.4,24.82,0,290.0
1,Atlanta Stadium,Atlanta,2026-06-23,30.1,18.0,63,0.0,10.3,26.76,0,290.0
1,Atlanta Stadium,Atlanta,2026-06-24,31.3,18.6,60,0.0,10.3,27.54,0,290.0
1,Atlanta Stadium,Atlanta,2026-06-25,34.7,20.4,59,0.0,11.3,30.43,1,290.0
1,Atlanta Stadium,Atlanta,2026-06-26,36.8,23.2,55,1.64,10.3,31.83,1,290.0
1,Atlanta Stadium,Atlanta,2026-06-27,36.1,23.3,65,0.0,13.7,32.31,1,290.0
1,Atlanta Stadium,Atlanta,2026-06-28,31.7,23.4,69,2.83,16.1,28.75,1,290.0
1,Atlanta Stadium,Atlanta,2026-06-29,28.0,22.7,89,5.88,11.6,27.08,0,290.0
1,Atlanta Stadium,Atlanta,2026-06-30,32.4,23.2,84,0.89,10.0,30.84,1,290.0
1,Atlanta Stadium,Atlanta,2026-07-01,33.8,23.6,73,9.3,11.9,31.06,1,290.0
1,Atlanta Stadium,Atlanta,2026-07-02,30.2,23.8,92,11.82,9.2,29.48,1,290.0
1,Atlanta Stadium,Atlanta,2026-07-03,27.1,23.4,94,22.12,6.1,26.61,0,290.0
1,Atlanta Stadium,Atlanta,2026-07-04,27.7,23.4,92,10.18,6.9,27.04,0,290.0
1,Atlanta Stadium,Atlanta,2026-07-05,27.2,23.0,92,6.9,10.0,26.55,0,290.0
1,Atlanta Stadium,Atlanta,2026-07-06,30.2,22.4,85,0.1,11.3,28.84,1,290.0
1,Atlanta Stadium,Atlanta,2026-07-07,31.9,22.1,77,0.0,9.0,29.7,1,290.0
1,Atlanta Stadium,Atlanta,2026-07-08,33.9,22.8,66,0.0,8.7,30.44,1,290.0
1,Atlanta Stadium,Atlanta,2026-07-09,33.7,23.9,66,1.51,10.3,30.26,1,290.0
1,Atlanta Stadium,Atlanta,2026-07-10,30.0,23.1,69,3.23,12.9,27.21,0,290.0
1,Atlanta Stadium,Atlanta,2026-07-11,34.3,23.2,74,0.1,10.5,31.62,1,290.0
1,Atlanta Stadium,Atlanta,2026-07-12,32.2,21.8,60,0.0,14.5,28.34,1,290.0
1,Atlanta Stadium,Atlanta,2026-07-13,33.3,19.9,56,0.0,11.6,28.9,1,290.0
1,Atlanta Stadium,Atlanta,2026-07-14,34.2,22.5,59,0.61,11.6,29.99,1,290.0
1,Atlanta Stadium,Atlanta,2026-07-15,35.2,23.1,54,0.51,9.5,30.34,1,290.0
1,Atlanta Stadium,Atlanta,2026-07-16,38.5,24.2,48,0.1,10.5,32.49,1,290.0
1,Atlanta Stadium,Atlanta,2026-07-17,40.4,25.9,42,0.0,10.8,33.37,1,290.0
1,Atlanta Stadium,Atlanta,2026-07-18,41.0,27.6,43,0.31,12.8,33.99,1,290.0
1,Atlanta Stadium,Atlanta,2026-07-19,34.7,26.9,60,5.64,13.9,30.54,1,290.0
2,BC Place Vancouver,Vancouver,2026-06-11,22.7,13.9,72,0.08,9.9,20.79,0,11.0
2,BC Place Vancouver,Vancouver,2026-06-12,18.6,11.1,77,0.08,9.0,17.32,0,11.0
2,BC Place Vancouver,Vancouver,2026-06-13,18.6,10.5,77,0.0,8.5,17.32,0,11.0
2,BC Place Vancouver,Vancouver,2026-06-14,18.3,12.2,88,2.88,7.2,17.64,0,11.0
2,BC Place Vancouver,Vancouver,2026-06-15,19.1,10.2,87,1.02,5.8,18.36,0,11.0
2,BC Place Vancouver,Vancouver,2026-06-16,19.7,11.3,80,0.08,6.7,18.52,0,11.0
2,BC Place Vancouver,Vancouver,2026-06-17,19.3,12.4,89,8.25,8.5,18.66,0,11.0
2,BC Place Vancouver,Vancouver,2026-06-18,11.6,9.4,95,10.22,8.1,11.43,0,11.0
2,BC Place Vancouver,Vancouver,2026-06-19,12.4,9.7,95,3.41,4.9,12.21,0,11.0
2,BC Place Vancouver,Vancouver,2026-06-20,18.2,12.0,91,2.05,4.9,17.71,0,11.0
2,BC Place Vancouver,Vancouver,2026-06-21,21.5,11.4,73,0.0,11.2,19.76,0,11.0
2,BC Place Vancouver,Vancouver,2026-06-22,23.4,13.5,67,0.0,10.3,21.08,0,11.0
2,BC Place Vancouver,Vancouver,2026-06-23,22.6,13.5,78,0.6,9.4,21.11,0,11.0
2,BC Place Vancouver,Vancouver,2026-06-24,20.9,12.8,71,0.0,9.9,19.08,0,11.0
2,BC Place Vancouver,Vancouver,2026-06-25,20.2,14.4,86,31.94,9.9,19.35,0,11.0
2,BC Place Vancouver,Vancouver,2026-06-26,15.7,14.8,94,10.81,10.8,15.42,0,11.0
2,BC Place Vancouver,Vancouver,2026-06-27,18.8,12.8,81,0.95,12.1,17.73,0,11.0
2,BC Place Vancouver,Vancouver,2026-06-28,19.9,9.4,68,0.0,13.0,17.99,0,11.0
2,BC Place Vancouver,Vancouver,2026-06-29,22.6,11.8,64,0.0,10.3,20.16,0,11.0
2,BC Place Vancouver,Vancouver,2026-06-30,24.4,13.2,57,0.0,9.4,21.25,0,11.0
2,BC Place Vancouver,Vancouver,2026-07-01,25.8,15.3,71,0.0,9.9,23.56,0,11.0
2,BC Place Vancouver,Vancouver,2026-07-02,25.6,15.1,69,0.0,10.3,23.22,0,11.0
2,BC Place Vancouver,Vancouver,2026-07-03,23.8,10.9,72,0.0,11.7,21.8,0,11.0
2,BC Place Vancouver,Vancouver,2026-07-04,20.0,13.5,85,2.47,10.8,19.1,0,11.0
2,BC Place Vancouver,Vancouver,2026-07-05,22.5,13.1,75,0.0,10.3,20.81,0,11.0
2,BC Place Vancouver,Vancouver,2026-07-06,22.6,14.7,72,0.0,11.2,20.7,0,11.0
2,BC Place Vancouver,Vancouver,2026-07-07,23.9,16.9,84,0.8,9.9,22.75,0,11.0
2,BC Place Vancouver,Vancouver,2026-07-08,26.2,16.7,73,0.0,10.8,24.08,0,11.0
2,BC Place Vancouver,Vancouver,2026-07-09,25.9,16.9,72,0.0,9.9,23.72,0,11.0
2,BC Place Vancouver,Vancouver,2026-07-10,23.4,15.5,70,0.0,8.1,21.29,0,11.0
2,BC Place Vancouver,Vancouver,2026-07-11,21.5,14.3,81,0.54,8.1,20.27,0,11.0
2,BC Place Vancouver,Vancouver,2026-07-12,22.6,13.1,66,0.0,10.3,20.29,0,11.0
2,BC Place Vancouver,Vancouver,2026-07-13,21.6,14.1,84,2.54,7.2,20.56,0,11.0
2,BC Place Vancouver,Vancouver,2026-07-14,16.7,14.1,94,11.9,6.3,16.4,0,11.0
2,BC Place Vancouver,Vancouver,2026-07-15,21.3,13.8,84,0.91,8.1,20.28,0,11.0
2,BC Place Vancouver,Vancouver,2026-07-16,26.1,14.5,61,0.0,11.7,23.05,0,11.0
2,BC Place Vancouver,Vancouver,2026-07-17,28.9,17.8,56,0.0,10.8,25.09,0,11.0
2,BC Place Vancouver,Vancouver,2026-07-18,28.0,17.8,65,0.0,9.0,25.06,0,11.0
2,BC Place Vancouver,Vancouver,2026-07-19,28.1,18.5,69,0.0,9.0,25.49,0,11.0
3,Boston Stadium,Foxborough,2026-06-11,28.0,17.1,86,6.66,15.2,26.82,0,83.0
3,Boston Stadium,Foxborough,2026-06-12,29.9,21.1,69,0.0,13.7,27.12,0,83.0
3,Boston Stadium,Foxborough,2026-06-13,24.1,14.5,60,0.0,9.5,21.21,0,83.0
3,Boston Stadium,Foxborough,2026-06-14,20.2,13.2,67,0.0,10.1,18.2,0,83.0
3,Boston Stadium,Foxborough,2026-06-15,26.1,8.1,70,0.0,14.9,23.75,0,83.0
3,Boston Stadium,Foxborough,2026-06-16,28.2,13.2,62,0.0,17.1,24.99,0,83.0
3,Boston Stadium,Foxborough,2026-06-17,28.6,14.1,58,0.0,13.9,25.0,0,83.0
3,Boston Stadium,Foxborough,2026-06-18,30.1,17.0,77,3.01,16.7,28.02,1,83.0
3,Boston Stadium,Foxborough,2026-06-19,23.9,19.7,69,0.24,12.4,21.68,0,83.0
3,Boston Stadium,Foxborough,2026-06-20,19.4,11.3,59,0.0,14.1,17.01,0,83.0
3,Boston Stadium,Foxborough,2026-06-21,18.3,9.2,67,0.0,9.2,16.49,0,83.0
3,Boston Stadium,Foxborough,2026-06-22,26.1,11.5,64,0.0,10.4,23.28,0,83.0
3,Boston Stadium,Foxborough,2026-06-23,26.5,18.8,71,0.33,18.6,24.19,0,83.0
3,Boston Stadium,Foxborough,2026-06-24,28.9,18.4,66,3.67,16.5,25.95,0,83.0
3,Boston Stadium,Foxborough,2026-06-25,25.0,16.1,82,17.63,25.3,23.65,0,83.0
3,Boston Stadium,Foxborough,2026-06-26,28.9,19.6,67,1.63,17.1,26.04,0,83.0
3,Boston Stadium,Foxborough,2026-06-27,28.2,17.9,58,0.0,12.2,24.65,0,83.0
3,Boston Stadium,Foxborough,2026-06-28,19.8,16.9,81,4.49,24.0,18.67,0,83.0
3,Boston Stadium,Foxborough,2026-06-29,26.8,18.3,83,0.25,11.2,25.43,0,83.0
3,Boston Stadium,Foxborough,2026-06-30,28.0,17.6,81,0.08,15.2,26.4,0,83.0
3,Boston Stadium,Foxborough,2026-07-01,32.2,24.8,71,0.33,14.1,29.4,1,83.0
3,Boston Stadium,Foxborough,2026-07-02,25.8,15.1,83,13.26,9.0,24.48,0,83.0
3,Boston Stadium,Foxborough,2026-07-03,30.7,19.6,70,0.66,14.2,27.94,0,83.0
3,Boston Stadium,Foxborough,2026-07-04,32.0,19.0,63,0.0,11.9,28.45,1,83.0
3,Boston Stadium,Foxborough,2026-07-05,32.0,17.5,59,0.0,13.0,28.06,1,83.0
3,Boston Stadium,Foxborough,2026-07-06,33.5,24.5,62,0.0,17.5,29.68,1,83.0
3,Boston Stadium,Foxborough,2026-07-07,29.3,24.2,69,0.08,13.0,26.58,0,83.0
3,Boston Stadium,Foxborough,2026-07-08,25.6,13.4,66,0.08,12.4,22.99,0,83.0
3,Boston Stadium,Foxborough,2026-07-09,16.6,17.9,94,20.47,10.1,16.3,0,83.0
3,Boston Stadium,Foxborough,2026-07-10,20.9,19.5,93,4.95,7.3,20.46,0,83.0
3,Boston Stadium,Foxborough,2026-07-11,31.9,21.6,82,3.28,15.8,30.18,1,83.0
3,Boston Stadium,Foxborough,2026-07-12,28.9,20.9,70,0.08,11.8,26.3,0,83.0
3,Boston Stadium,Foxborough,2026-07-13,28.3,16.6,58,0.0,10.7,24.73,0,83.0
3,Boston Stadium,Foxborough,2026-07-14,28.0,16.2,64,0.25,10.1,24.98,0,83.0
3,Boston Stadium,Foxborough,2026-07-15,29.7,16.5,73,1.62,9.0,27.29,0,83.0
3,Boston Stadium,Foxborough,2026-07-16,29.3,19.4,86,6.24,8.4,28.07,1,83.0
3,Boston Stadium,Foxborough,2026-07-17,34.4,21.3,73,3.86,14.6,31.61,1,83.0
3,Boston Stadium,Foxborough,2026-07-18,30.5,23.6,80,0.09,14.6,28.67,1,83.0
3,Boston Stadium,Foxborough,2026-07-19,27.1,18.4,64,0.0,10.6,24.17,0,83.0
4,Dallas Stadium,Dallas,2026-06-11,31.7,24.5,81,0.0,19.3,29.89,1,149.0
4,Dallas Stadium,Dallas,2026-06-12,30.7,25.3,82,8.4,22.1,29.04,1,149.0
4,Dallas Stadium,Dallas,2026-06-13,29.6,24.3,89,12.85,14.4,28.62,1,149.0
4,Dallas Stadium,Dallas,2026-06-14,29.4,23.7,90,0.0,18.6,28.52,1,149.0
4,Dallas Stadium,Dallas,2026-06-15,31.7,23.1,83,2.1,19.2,30.08,1,149.0
4,Dallas Stadium,Dallas,2026-06-16,33.2,24.5,74,0.0,24.2,30.61,1,149.0
4,Dallas Stadium,Dallas,2026-06-17,35.8,25.5,59,0.0,27.0,31.4,1,149.0
4,Dallas Stadium,Dallas,2026-06-18,36.3,24.9,58,0.0,26.9,31.73,1,149.0
4,Dallas Stadium,Dallas,2026-06-19,36.3,25.0,58,0.0,24.1,31.73,1,149.0
4,Dallas Stadium,Dallas,2026-06-20,35.4,25.7,61,1.0,19.3,31.26,1,149.0
4,Dallas Stadium,Dallas,2026-06-21,37.4,27.1,55,0.0,25.7,32.35,1,149.0
4,Dallas Stadium,Dallas,2026-06-22,39.8,27.5,48,0.0,26.7,33.59,1,149.0
4,Dallas Stadium,Dallas,2026-06-23,40.0,28.1,43,0.0,22.2,33.16,1,149.0
4,Dallas Stadium,Dallas,2026-06-24,37.5,26.7,49,0.0,28.6,31.76,1,149.0
4,Dallas Stadium,Dallas,2026-06-25,36.2,26.6,51,0.0,22.2,30.88,1,149.0
4,Dallas Stadium,Dallas,2026-06-26,37.1,27.3,47,0.0,18.5,31.2,1,149.0
4,Dallas Stadium,Dallas,2026-06-27,38.0,26.9,50,0.0,21.5,32.3,1,149.0
4,Dallas Stadium,Dallas,2026-06-28,39.5,27.5,48,0.0,30.6,33.34,1,149.0
4,Dallas Stadium,Dallas,2026-06-29,39.8,27.7,47,0.0,31.1,33.47,1,149.0
4,Dallas Stadium,Dallas,2026-06-30,40.2,28.2,47,0.0,31.0,33.81,1,149.0
4,Dallas Stadium,Dallas,2026-07-01,40.3,28.6,43,0.08,25.2,33.41,1,149.0
4,Dallas Stadium,Dallas,2026-07-02,41.0,29.7,37,1.08,13.4,33.25,1,149.0
4,Dallas Stadium,Dallas,2026-07-03,42.8,27.6,60,2.49,26.5,37.66,1,149.0
4,Dallas Stadium,Dallas,2026-07-04,37.6,26.5,77,6.07,22.4,35.01,1,149.0
4,Dallas Stadium,Dallas,2026-07-05,34.3,24.0,67,0.0,19.1,30.9,1,149.0
4,Dallas Stadium,Dallas,2026-07-06,36.9,25.4,65,0.08,20.5,33.03,1,149.0
4,Dallas Stadium,Dallas,2026-07-07,38.3,26.7,54,0.0,19.7,33.01,1,149.0
4,Dallas Stadium,Dallas,2026-07-08,39.5,28.4,47,0.25,19.9,33.22,1,149.0
4,Dallas Stadium,Dallas,2026-07-09,42.0,28.9,42,0.0,22.1,34.69,1,149.0
4,Dallas Stadium,Dallas,2026-07-10,41.8,28.5,42,0.59,18.3,34.53,1,149.0
4,Dallas Stadium,Dallas,2026-07-11,42.9,29.9,40,0.59,22.9,35.18,1,149.0
4,Dallas Stadium,Dallas,2026-07-12,42.5,28.4,51,0.42,24.3,36.25,1,149.0
4,Dallas Stadium,Dallas,2026-07-13,42.6,29.5,38,0.0,18.8,34.68,1,149.0
4,Dallas Stadium,Dallas,2026-07-14,42.0,28.7,34,0.0,21.8,33.68,1,149.0
4,Dallas Stadium,Dallas,2026-07-15,41.2,29.1,30,0.0,19.6,32.55,1,149.0
4,Dallas Stadium,Dallas,2026-07-16,40.6,29.3,36,0.0,19.6,32.8,1,149.0
4,Dallas Stadium,Dallas,2026-07-17,39.7,29.2,36,0.0,20.7,32.08,1,149.0
4,Dallas Stadium,Dallas,2026-07-18,39.9,28.8,40,0.0,22.6,32.72,1,149.0
4,Dallas Stadium,Dallas,2026-07-19,41.3,29.5,39,0.17,20.5,33.74,1,149.0
5,Guadalajara Stadium,Guadalajara,2026-06-11,24.3,20.0,86,18.55,7.0,23.28,0,1566.0
5,Guadalajara Stadium,Guadalajara,2026-06-12,26.5,19.6,82,6.93,7.6,25.07,0,1566.0
5,Guadalajara Stadium,Guadalajara,2026-06-13,27.0,20.1,81,5.41,8.2,25.46,0,1566.0
5,Guadalajara Stadium,Guadalajara,2026-06-14,27.2,17.9,77,5.5,8.9,25.32,0,1566.0
5,Guadalajara Stadium,Guadalajara,2026-06-15,25.9,17.8,75,5.96,11.6,23.96,0,1566.0
5,Guadalajara Stadium,Guadalajara,2026-06-16,27.4,16.7,62,0.08,7.0,24.28,0,1566.0
5,Guadalajara Stadium,Guadalajara,2026-06-17,27.5,17.7,68,0.46,10.2,24.86,0,1566.0
5,Guadalajara Stadium,Guadalajara,2026-06-18,27.9,19.0,74,2.3,9.2,25.72,0,1566.0
5,Guadalajara Stadium,Guadalajara,2026-06-19,27.5,19.4,76,11.52,8.5,25.52,0,1566.0
5,Guadalajara Stadium,Guadalajara,2026-06-20,27.8,19.3,75,5.38,10.7,25.71,0,1566.0
5,Guadalajara Stadium,Guadalajara,2026-06-21,28.2,19.3,78,1.92,11.5,26.34,0,1566.0
5,Guadalajara Stadium,Guadalajara,2026-06-22,27.2,18.8,80,17.88,12.0,25.57,0,1566.0
5,Guadalajara Stadium,Guadalajara,2026-06-23,25.9,18.7,74,4.86,8.0,23.88,0,1566.0
5,Guadalajara Stadium,Guadalajara,2026-06-24,24.3,18.9,80,8.65,6.7,22.84,0,1566.0
5,Guadalajara Stadium,Guadalajara,2026-06-25,25.4,19.2,82,8.04,6.5,24.03,0,1566.0
5,Guadalajara Stadium,Guadalajara,2026-06-26,24.7,19.1,84,8.2,6.1,23.51,0,1566.0
5,Guadalajara Stadium,Guadalajara,2026-06-27,25.1,19.0,83,3.33,7.6,23.82,0,1566.0
5,Guadalajara Stadium,Guadalajara,2026-06-28,22.2,19.1,87,10.7,6.8,21.33,0,1566.0
5,Guadalajara Stadium,Guadalajara,2026-06-29,24.6,19.0,87,6.05,7.5,23.64,0,1566.0
5,Guadalajara Stadium,Guadalajara,2026-06-30,26.1,18.9,83,5.51,7.7,24.77,0,1566.0
5,Guadalajara Stadium,Guadalajara,2026-07-01,24.4,18.9,84,15.77,7.5,23.23,0,1566.0
5,Guadalajara Stadium,Guadalajara,2026-07-02,27.8,18.4,78,0.7,7.3,25.97,0,1566.0
5,Guadalajara Stadium,Guadalajara,2026-07-03,27.2,16.8,74,6.93,13.1,25.08,0,1566.0
5,Guadalajara Stadium,Guadalajara,2026-07-04,26.9,17.3,67,0.16,7.5,24.24,0,1566.0
5,Guadalajara Stadium,Guadalajara,2026-07-05,24.8,19.2,83,7.33,8.2,23.54,0,1566.0
5,Guadalajara Stadium,Guadalajara,2026-07-06,28.3,18.8,77,2.73,7.5,26.35,0,1566.0
5,Guadalajara Stadium,Guadalajara,2026-07-07,27.6,17.8,73,6.72,10.1,25.36,0,1566.0
5,Guadalajara Stadium,Guadalajara,2026-07-08,27.4,16.6,73,3.28,9.1,25.18,0,1566.0
5,Guadalajara Stadium,Guadalajara,2026-07-09,26.2,18.9,83,12.28,10.2,24.86,0,1566.0
5,Guadalajara Stadium,Guadalajara,2026-07-10,26.4,18.7,82,10.65,8.0,24.97,0,1566.0
5,Guadalajara Stadium,Guadalajara,2026-07-11,26.1,18.8,80,2.43,8.7,24.53,0,1566.0
5,Guadalajara Stadium,Guadalajara,2026-07-12,26.9,18.1,75,1.65,6.7,24.88,0,1566.0
5,Guadalajara Stadium,Guadalajara,2026-07-13,27.4,18.6,81,13.43,11.5,25.84,0,1566.0
5,Guadalajara Stadium,Guadalajara,2026-07-14,25.2,18.7,82,9.51,9.2,23.84,0,1566.0
5,Guadalajara Stadium,Guadalajara,2026-07-15,25.0,18.9,83,8.02,9.2,23.73,0,1566.0
5,Guadalajara Stadium,Guadalajara,2026-07-16,25.2,19.0,85,4.49,9.4,24.07,0,1566.0
5,Guadalajara Stadium,Guadalajara,2026-07-17,25.6,18.7,86,4.41,8.8,24.52,0,1566.0
5,Guadalajara Stadium,Guadalajara,2026-07-18,25.2,18.9,84,4.89,6.8,23.99,0,1566.0
5,Guadalajara Stadium,Guadalajara,2026-07-19,24.4,18.9,85,6.39,6.8,23.3,0,1566.0
6,Houston Stadium,Houston,2026-06-11,32.1,24.5,84,0.09,13.0,30.56,1,15.0
6,Houston Stadium,Houston,2026-06-12,31.5,24.6,85,1.7,11.9,30.08,1,15.0
6,Houston Stadium,Houston,2026-06-13,33.0,24.1,84,0.0,12.4,31.42,1,15.0
6,Houston Stadium,Houston,2026-06-14,31.4,25.3,89,1.43,9.6,30.36,1,15.0
6,Houston Stadium,Houston,2026-06-15,32.2,24.5,81,0.0,9.1,30.36,1,15.0
6,Houston Stadium,Houston,2026-06-16,33.5,23.4,77,0.0,15.6,31.19,1,15.0
6,Houston Stadium,Houston,2026-06-17,33.7,23.9,74,0.0,20.1,31.07,1,15.0
6,Houston Stadium,Houston,2026-06-18,33.7,24.9,70,0.0,21.5,30.67,1,15.0
6,Houston Stadium,Houston,2026-06-19,34.8,25.1,67,0.0,18.0,31.35,1,15.0
6,Houston Stadium,Houston,2026-06-20,35.9,25.8,69,0.0,18.4,32.56,1,15.0
6,Houston Stadium,Houston,2026-06-21,36.5,25.8,70,0.0,17.7,33.21,1,15.0
6,Houston Stadium,Houston,2026-06-22,37.0,26.4,69,0.0,16.6,33.56,1,15.0
6,Houston Stadium,Houston,2026-06-23,36.1,27.6,68,0.0,21.0,32.63,1,15.0
6,Houston Stadium,Houston,2026-06-24,35.0,26.5,67,0.1,21.0,31.54,1,15.0
6,Houston Stadium,Houston,2026-06-25,35.3,26.8,68,0.3,18.5,31.91,1,15.0
6,Houston Stadium,Houston,2026-06-26,31.9,25.9,77,3.61,16.7,29.7,1,15.0
6,Houston Stadium,Houston,2026-06-27,30.2,25.5,84,11.48,17.9,28.75,1,15.0
6,Houston Stadium,Houston,2026-06-28,31.9,25.8,84,3.03,20.8,30.37,1,15.0
6,Houston Stadium,Houston,2026-06-29,35.5,26.5,74,0.1,25.1,32.73,1,15.0
6,Houston Stadium,Houston,2026-06-30,37.3,27.5,66,0.0,22.4,33.5,1,15.0
6,Houston Stadium,Houston,2026-07-01,37.8,27.4,64,0.0,21.6,33.72,1,15.0
6,Houston Stadium,Houston,2026-07-02,39.2,26.7,62,0.0,20.1,34.73,1,15.0
6,Houston Stadium,Houston,2026-07-03,40.3,26.7,63,5.68,18.4,35.83,1,15.0
6,Houston Stadium,Houston,2026-07-04,33.4,26.2,78,3.73,9.7,31.2,1,15.0
6,Houston Stadium,Houston,2026-07-05,31.1,25.4,85,4.98,14.5,29.7,1,15.0
6,Houston Stadium,Houston,2026-07-06,29.4,25.7,88,7.39,14.5,28.34,1,15.0
6,Houston Stadium,Houston,2026-07-07,32.5,25.8,84,1.98,13.0,30.94,1,15.0
6,Houston Stadium,Houston,2026-07-08,35.2,25.4,73,0.84,17.1,32.35,1,15.0
6,Houston Stadium,Houston,2026-07-09,35.5,25.7,69,0.42,18.6,32.2,1,15.0
6,Houston Stadium,Houston,2026-07-10,35.9,26.1,67,0.21,19.8,32.35,1,15.0
6,Houston Stadium,Houston,2026-07-11,36.8,26.1,65,0.32,18.3,32.94,1,15.0
6,Houston Stadium,Houston,2026-07-12,40.6,25.9,66,4.75,18.1,36.46,1,15.0
6,Houston Stadium,Houston,2026-07-13,38.8,25.4,70,0.0,15.9,35.31,1,15.0
6,Houston Stadium,Houston,2026-07-14,38.5,24.9,51,0.0,20.0,32.84,1,15.0
6,Houston Stadium,Houston,2026-07-15,37.1,25.0,58,0.0,20.7,32.43,1,15.0
6,Houston Stadium,Houston,2026-07-16,37.4,26.2,63,0.0,21.4,33.25,1,15.0
6,Houston Stadium,Houston,2026-07-17,36.3,26.3,63,0.11,21.2,32.27,1,15.0
6,Houston Stadium,Houston,2026-07-18,35.2,26.3,69,0.32,18.5,31.93,1,15.0
6,Houston Stadium,Houston,2026-07-19,35.7,25.9,69,0.75,18.1,32.38,1,15.0
7,Kansas City Stadium,Kansas City,2026-06-11,25.6,18.2,77,0.33,15.7,23.83,0,273.0
7,Kansas City Stadium,Kansas City,2026-06-12,25.8,18.2,74,7.57,17.1,23.79,0,273.0
7,Kansas City Stadium,Kansas City,2026-06-13,24.0,16.5,78,0.0,13.7,22.42,0,273.0
7,Kansas City Stadium,Kansas City,2026-06-14,26.3,15.9,82,4.92,13.5,24.88,0,273.0
7,Kansas City Stadium,Kansas City,2026-06-15,29.7,22.8,83,9.25,10.9,28.19,1,273.0
7,Kansas City Stadium,Kansas City,2026-06-16,30.4,22.3,79,0.0,17.0,28.48,1,273.0
7,Kansas City Stadium,Kansas City,2026-06-17,29.8,22.2,79,3.26,15.6,27.92,0,273.0
7,Kansas City Stadium,Kansas City,2026-06-18,28.2,22.7,88,47.08,13.0,27.18,0,273.0
7,Kansas City Stadium,Kansas City,2026-06-19,26.1,19.3,87,2.28,18.4,25.08,0,273.0
7,Kansas City Stadium,Kansas City,2026-06-20,26.3,18.7,80,0.24,20.5,24.72,0,273.0
7,Kansas City Stadium,Kansas City,2026-06-21,29.3,19.3,81,8.18,19.5,27.63,0,273.0
7,Kansas City Stadium,Kansas City,2026-06-22,28.5,23.9,84,17.8,15.7,27.13,0,273.0
7,Kansas City Stadium,Kansas City,2026-06-23,30.3,22.2,87,6.62,15.0,29.12,1,273.0
7,Kansas City Stadium,Kansas City,2026-06-24,33.5,25.6,75,11.77,21.6,30.99,1,273.0
7,Kansas City Stadium,Kansas City,2026-06-25,29.6,20.7,82,0.0,18.3,28.0,0,273.0
7,Kansas City Stadium,Kansas City,2026-06-26,31.4,21.3,78,17.43,20.4,29.33,1,273.0
7,Kansas City Stadium,Kansas City,2026-06-27,32.4,24.1,69,0.96,25.2,29.39,1,273.0
7,Kansas City Stadium,Kansas City,2026-06-28,29.5,22.3,80,13.84,17.7,27.73,0,273.0
7,Kansas City Stadium,Kansas City,2026-06-29,33.3,25.0,81,62.06,18.7,31.4,1,273.0
7,Kansas City Stadium,Kansas City,2026-06-30,30.8,17.7,80,23.84,22.1,28.95,1,273.0
7,Kansas City Stadium,Kansas City,2026-07-01,17.0,15.8,87,82.69,20.0,16.34,0,273.0
7,Kansas City Stadium,Kansas City,2026-07-02,26.4,15.3,72,0.0,7.7,24.18,0,273.0
7,Kansas City Stadium,Kansas City,2026-07-03,29.0,18.9,68,0.0,10.2,26.22,0,273.0
7,Kansas City Stadium,Kansas City,2026-07-04,29.6,21.0,72,0.0,20.7,27.11,0,273.0
7,Kansas City Stadium,Kansas City,2026-07-05,30.0,20.5,71,0.08,18.6,27.39,0,273.0
7,Kansas City Stadium,Kansas City,2026-07-06,30.3,23.2,80,0.0,17.2,28.48,1,273.0
7,Kansas City Stadium,Kansas City,2026-07-07,31.1,23.8,84,2.01,16.7,29.61,1,273.0
7,Kansas City Stadium,Kansas City,2026-07-08,31.5,24.7,78,4.77,17.7,29.42,1,273.0
7,Kansas City Stadium,Kansas City,2026-07-09,29.8,25.1,81,1.13,13.3,28.1,1,273.0
7,Kansas City Stadium,Kansas City,2026-07-10,31.2,22.1,71,0.0,10.0,28.49,1,273.0
7,Kansas City Stadium,Kansas City,2026-07-11,29.8,21.5,74,0.0,9.1,27.48,0,273.0
7,Kansas City Stadium,Kansas City,2026-07-12,29.2,20.4,77,0.0,12.3,27.19,0,273.0
7,Kansas City Stadium,Kansas City,2026-07-13,31.3,21.8,78,0.0,16.7,29.23,1,273.0
7,Kansas City Stadium,Kansas City,2026-07-14,29.7,23.9,82,5.6,24.4,28.1,1,273.0
7,Kansas City Stadium,Kansas City,2026-07-15,31.6,22.4,72,0.08,20.2,28.95,1,273.0
7,Kansas City Stadium,Kansas City,2026-07-16,34.3,24.1,71,0.0,14.2,31.32,1,273.0
7,Kansas City Stadium,Kansas City,2026-07-17,32.5,24.9,71,0.0,14.9,29.67,1,273.0
7,Kansas City Stadium,Kansas City,2026-07-18,31.3,23.5,70,5.18,20.2,28.48,1,273.0
7,Kansas City Stadium,Kansas City,2026-07-19,24.7,18.6,88,7.29,18.6,23.81,0,273.0
8,Los Angeles Stadium,Pasadena,2026-06-11,28.7,6.5,59,0.0,12.3,25.17,0,247.0
8,Los Angeles Stadium,Pasadena,2026-06-12,29.3,12.1,61,0.0,12.7,25.87,0,247.0
8,Los Angeles Stadium,Pasadena,2026-06-13,32.5,16.3,47,0.0,12.3,27.33,0,247.0
8,Los Angeles Stadium,Pasadena,2026-06-14,35.3,23.6,38,0.0,12.3,28.73,1,247.0
8,Los Angeles Stadium,Pasadena,2026-06-15,34.2,21.7,34,0.0,13.0,27.43,0,247.0
8,Los Angeles Stadium,Pasadena,2026-06-16,31.1,18.3,43,0.0,13.0,25.78,0,247.0
8,Los Angeles Stadium,Pasadena,2026-06-17,30.0,10.0,59,0.0,12.6,26.31,0,247.0
8,Los Angeles Stadium,Pasadena,2026-06-18,27.9,7.7,65,0.0,12.9,24.97,0,247.0
8,Los Angeles Stadium,Pasadena,2026-06-19,27.1,7.1,70,0.0,12.2,24.66,0,247.0
8,Los Angeles Stadium,Pasadena,2026-06-20,28.7,12.4,60,0.0,12.9,25.26,0,247.0
8,Los Angeles Stadium,Pasadena,2026-06-21,29.4,11.9,52,0.0,12.5,25.17,0,247.0
8,Los Angeles Stadium,Pasadena,2026-06-22,30.2,15.2,45,0.0,13.3,25.22,0,247.0
8,Los Angeles Stadium,Pasadena,2026-06-23,33.4,19.6,38,0.0,14.0,27.19,0,247.0
8,Los Angeles Stadium,Pasadena,2026-06-24,35.0,19.2,33,0.0,13.9,27.96,0,247.0
8,Los Angeles Stadium,Pasadena,2026-06-25,33.3,12.4,34,0.0,12.9,26.71,0,247.0
8,Los Angeles Stadium,Pasadena,2026-06-26,32.2,14.2,45,0.0,12.5,26.89,0,247.0
8,Los Angeles Stadium,Pasadena,2026-06-27,32.6,13.8,56,0.0,12.1,28.3,1,247.0
8,Los Angeles Stadium,Pasadena,2026-06-28,31.8,14.6,61,0.0,12.1,28.08,1,247.0
8,Los Angeles Stadium,Pasadena,2026-06-29,30.2,13.5,71,0.0,12.1,27.57,0,247.0
8,Los Angeles Stadium,Pasadena,2026-06-30,30.5,13.0,71,0.0,12.8,27.85,0,247.0
8,Los Angeles Stadium,Pasadena,2026-07-01,34.0,15.4,67,0.0,13.5,30.63,1,247.0
8,Los Angeles Stadium,Pasadena,2026-07-02,35.3,18.9,56,0.0,11.7,30.64,1,247.0
8,Los Angeles Stadium,Pasadena,2026-07-03,36.8,21.3,44,0.0,13.5,30.62,1,247.0
8,Los Angeles Stadium,Pasadena,2026-07-04,33.7,17.5,54,0.0,13.1,29.05,1,247.0
8,Los Angeles Stadium,Pasadena,2026-07-05,29.8,16.5,57,0.0,13.1,25.96,0,247.0
8,Los Angeles Stadium,Pasadena,2026-07-06,34.6,19.9,41,0.0,13.5,28.48,1,247.0
8,Los Angeles Stadium,Pasadena,2026-07-07,37.2,19.8,33,0.0,13.4,29.72,1,247.0
8,Los Angeles Stadium,Pasadena,2026-07-08,38.9,20.7,30,0.0,13.4,30.73,1,247.0
8,Los Angeles Stadium,Pasadena,2026-07-09,38.0,19.2,30,0.0,12.7,30.02,1,247.0
8,Los Angeles Stadium,Pasadena,2026-07-10,36.0,15.2,38,0.0,12.7,29.3,1,247.0
8,Los Angeles Stadium,Pasadena,2026-07-11,36.1,15.1,36,0.0,12.7,29.17,1,247.0
8,Los Angeles Stadium,Pasadena,2026-07-12,37.9,24.2,28,0.0,13.1,29.71,1,247.0
8,Los Angeles Stadium,Pasadena,2026-07-13,35.8,23.6,31,0.0,13.4,28.39,1,247.0
8,Los Angeles Stadium,Pasadena,2026-07-14,36.3,24.8,34,0.0,13.0,29.11,1,247.0
8,Los Angeles Stadium,Pasadena,2026-07-15,37.0,23.2,28,0.0,12.0,29.01,1,247.0
8,Los Angeles Stadium,Pasadena,2026-07-16,35.7,24.6,37,0.0,12.0,28.95,1,247.0
8,Los Angeles Stadium,Pasadena,2026-07-17,36.2,16.5,37,0.0,12.3,29.36,1,247.0
8,Los Angeles Stadium,Pasadena,2026-07-18,37.2,14.6,41,0.0,12.3,30.62,1,247.0
8,Los Angeles Stadium,Pasadena,2026-07-19,37.5,17.3,41,0.0,12.7,30.86,1,247.0
9,Mexico City Stadium,Mexico City,2026-06-11,21.5,18.0,93,34.38,6.0,21.05,0,2287.0
9,Mexico City Stadium,Mexico City,2026-06-12,22.0,16.1,87,4.6,7.7,21.14,0,2287.0
9,Mexico City Stadium,Mexico City,2026-06-13,20.6,15.8,89,2.62,11.5,19.92,0,2287.0
9,Mexico City Stadium,Mexico City,2026-06-14,20.8,15.9,86,8.23,12.0,19.93,0,2287.0
9,Mexico City Stadium,Mexico City,2026-06-15,20.1,15.2,88,7.44,11.9,19.38,0,2287.0
9,Mexico City Stadium,Mexico City,2026-06-16,20.4,15.0,82,5.72,10.6,19.3,0,2287.0
9,Mexico City Stadium,Mexico City,2026-06-17,21.6,13.5,80,0.91,6.8,20.3,0,2287.0
9,Mexico City Stadium,Mexico City,2026-06-18,21.8,9.7,83,0.31,5.9,20.69,0,2287.0
9,Mexico City Stadium,Mexico City,2026-06-19,20.1,11.3,83,1.87,5.5,19.07,0,2287.0
9,Mexico City Stadium,Mexico City,2026-06-20,19.9,11.1,84,2.52,6.3,18.94,0,2287.0
9,Mexico City Stadium,Mexico City,2026-06-21,20.0,15.0,89,0.95,6.7,19.34,0,2287.0
9,Mexico City Stadium,Mexico City,2026-06-22,20.0,16.3,91,13.83,8.4,19.46,0,2287.0
9,Mexico City Stadium,Mexico City,2026-06-23,20.3,16.8,92,54.29,9.7,19.81,0,2287.0
9,Mexico City Stadium,Mexico City,2026-06-24,17.1,18.0,100,36.15,4.6,17.1,0,2287.0
9,Mexico City Stadium,Mexico City,2026-06-25,20.0,16.3,95,15.61,6.7,19.7,0,2287.0
9,Mexico City Stadium,Mexico City,2026-06-26,19.9,14.8,97,18.13,4.2,19.72,0,2287.0
9,Mexico City Stadium,Mexico City,2026-06-27,21.1,11.3,92,7.81,5.4,20.59,0,2287.0
9,Mexico City Stadium,Mexico City,2026-06-28,21.1,14.4,92,2.74,8.3,20.59,0,2287.0
9,Mexico City Stadium,Mexico City,2026-06-29,21.4,16.1,93,8.67,7.9,20.95,0,2287.0
9,Mexico City Stadium,Mexico City,2026-06-30,20.4,17.6,93,5.61,6.2,19.97,0,2287.0
9,Mexico City Stadium,Mexico City,2026-07-01,21.5,14.4,86,0.35,7.8,20.6,0,2287.0
9,Mexico City Stadium,Mexico City,2026-07-02,21.5,9.1,84,0.0,9.1,20.47,0,2287.0
9,Mexico City Stadium,Mexico City,2026-07-03,21.6,14.3,84,0.36,8.2,20.56,0,2287.0
9,Mexico City Stadium,Mexico City,2026-07-04,21.9,15.5,79,1.08,6.6,20.52,0,2287.0
9,Mexico City Stadium,Mexico City,2026-07-05,21.6,16.3,89,9.31,8.6,20.89,0,2287.0
9,Mexico City Stadium,Mexico City,2026-07-06,21.7,13.3,89,5.36,9.9,20.98,0,2287.0
9,Mexico City Stadium,Mexico City,2026-07-07,20.8,9.9,91,3.57,9.4,20.24,0,2287.0
9,Mexico City Stadium,Mexico City,2026-07-08,18.2,10.4,96,3.21,4.9,17.98,0,2287.0
9,Mexico City Stadium,Mexico City,2026-07-09,19.5,15.6,91,1.42,3.7,18.97,0,2287.0
9,Mexico City Stadium,Mexico City,2026-07-10,22.3,10.8,80,0.0,6.1,20.96,0,2287.0
9,Mexico City Stadium,Mexico City,2026-07-11,21.9,18.3,76,0.0,7.0,20.32,0,2287.0
9,Mexico City Stadium,Mexico City,2026-07-12,23.0,15.0,75,0.35,7.0,21.27,0,2287.0
9,Mexico City Stadium,Mexico City,2026-07-13,22.3,11.2,81,1.06,5.7,21.03,0,2287.0
9,Mexico City Stadium,Mexico City,2026-07-14,23.7,6.6,59,0.0,7.4,20.78,0,2287.0
9,Mexico City Stadium,Mexico City,2026-07-15,23.8,6.5,52,0.0,9.4,20.37,0,2287.0
9,Mexico City Stadium,Mexico City,2026-07-16,23.0,6.5,60,0.35,9.4,20.24,0,2287.0
9,Mexico City Stadium,Mexico City,2026-07-17,22.3,11.2,72,0.7,9.0,20.43,0,2287.0
9,Mexico City Stadium,Mexico City,2026-07-18,24.4,16.1,66,0.0,7.3,21.91,0,2287.0
9,Mexico City Stadium,Mexico City,2026-07-19,24.8,9.8,60,0.0,6.1,21.82,0,2287.0
10,Miami Stadium,Miami,2026-06-11,29.2,26.3,79,5.27,23.5,27.36,0,12.0
10,Miami Stadium,Miami,2026-06-12,29.7,25.7,66,0.33,24.4,26.67,0,12.0
10,Miami Stadium,Miami,2026-06-13,28.0,26.4,79,6.0,18.0,26.24,0,12.0
10,Miami Stadium,Miami,2026-06-14,27.8,26.5,85,5.75,15.7,26.55,0,12.0
10,Miami Stadium,Miami,2026-06-15,26.7,25.9,88,3.91,15.8,25.74,0,12.0
10,Miami Stadium,Miami,2026-06-16,25.3,26.6,87,9.44,16.8,24.31,0,12.0
10,Miami Stadium,Miami,2026-06-17,26.7,26.9,86,4.73,17.7,25.58,0,12.0
10,Miami Stadium,Miami,2026-06-18,31.1,27.3,83,3.27,10.2,29.51,1,12.0
10,Miami Stadium,Miami,2026-06-19,30.2,26.7,83,3.59,12.0,28.66,1,12.0
10,Miami Stadium,Miami,2026-06-20,27.9,26.0,86,4.1,10.4,26.73,0,12.0
10,Miami Stadium,Miami,2026-06-21,29.1,25.9,85,6.55,7.8,27.79,0,12.0
10,Miami Stadium,Miami,2026-06-22,27.3,26.1,87,5.38,7.9,26.24,0,12.0
10,Miami Stadium,Miami,2026-06-23,27.1,26.1,86,12.27,13.2,25.96,0,12.0
10,Miami Stadium,Miami,2026-06-24,28.1,25.8,86,8.04,14.2,26.92,0,12.0
10,Miami Stadium,Miami,2026-06-25,26.3,27.4,87,8.17,17.9,25.27,0,12.0
10,Miami Stadium,Miami,2026-06-26,26.1,27.2,87,9.12,14.5,25.08,0,12.0
10,Miami Stadium,Miami,2026-06-27,32.0,27.1,78,6.34,23.7,29.89,1,12.0
10,Miami Stadium,Miami,2026-06-28,28.6,27.0,81,5.78,18.4,26.97,0,12.0
10,Miami Stadium,Miami,2026-06-29,28.9,27.3,84,6.73,18.6,27.51,0,12.0
10,Miami Stadium,Miami,2026-06-30,30.2,27.2,84,6.4,17.8,28.75,1,12.0
10,Miami Stadium,Miami,2026-07-01,31.1,26.9,78,2.6,20.8,29.05,1,12.0
10,Miami Stadium,Miami,2026-07-02,29.8,27.7,78,4.37,18.1,27.83,0,12.0
10,Miami Stadium,Miami,2026-07-03,30.4,27.8,72,2.32,23.9,27.85,0,12.0
10,Miami Stadium,Miami,2026-07-04,27.4,27.0,85,9.67,18.1,26.17,0,12.0
10,Miami Stadium,Miami,2026-07-05,27.3,27.4,86,8.91,18.1,26.15,0,12.0
10,Miami Stadium,Miami,2026-07-06,27.0,27.7,86,10.56,18.1,25.87,0,12.0
10,Miami Stadium,Miami,2026-07-07,28.1,26.9,84,11.4,23.8,26.75,0,12.0
10,Miami Stadium,Miami,2026-07-08,27.9,26.8,85,11.87,20.9,26.64,0,12.0
10,Miami Stadium,Miami,2026-07-09,27.9,26.9,85,4.82,17.1,26.64,0,12.0
10,Miami Stadium,Miami,2026-07-10,31.7,27.9,80,5.24,13.3,29.8,1,12.0
10,Miami Stadium,Miami,2026-07-11,33.0,26.6,83,5.8,9.5,31.32,1,12.0
10,Miami Stadium,Miami,2026-07-12,30.2,26.5,84,4.15,10.4,28.75,1,12.0
10,Miami Stadium,Miami,2026-07-13,28.9,26.4,86,5.17,13.2,27.69,0,12.0
10,Miami Stadium,Miami,2026-07-14,29.1,26.8,86,5.27,12.3,27.88,0,12.0
10,Miami Stadium,Miami,2026-07-15,25.8,26.5,88,3.19,8.5,24.87,0,12.0
10,Miami Stadium,Miami,2026-07-16,28.2,25.5,86,7.59,11.3,27.02,0,12.0
10,Miami Stadium,Miami,2026-07-17,28.3,26.2,86,7.83,13.1,27.11,0,12.0
10,Miami Stadium,Miami,2026-07-18,29.9,26.0,85,6.17,12.2,28.55,1,12.0
10,Miami Stadium,Miami,2026-07-19,28.6,26.0,86,7.62,11.2,27.4,0,12.0
11,Monterrey Stadium,Monterrey,2026-06-11,26.8,21.8,99,0.36,12.2,26.72,0,549.0
11,Monterrey Stadium,Monterrey,2026-06-12,27.4,21.7,94,0.18,11.5,26.91,0,549.0
11,Monterrey Stadium,Monterrey,2026-06-13,27.6,21.2,86,0.0,11.3,26.44,0,549.0
11,Monterrey Stadium,Monterrey,2026-06-14,28.2,20.8,81,0.0,12.4,26.59,0,549.0
11,Monterrey Stadium,Monterrey,2026-06-15,30.1,21.2,59,0.0,10.9,26.4,0,549.0
11,Monterrey Stadium,Monterrey,2026-06-16,31.4,22.0,45,0.0,10.8,26.22,0,549.0
11,Monterrey Stadium,Monterrey,2026-06-17,32.7,22.6,41,0.0,11.7,26.91,0,549.0
11,Monterrey Stadium,Monterrey,2026-06-18,32.2,21.5,37,0.0,12.2,26.11,0,549.0
11,Monterrey Stadium,Monterrey,2026-06-19,32.5,21.4,46,0.0,12.8,27.23,0,549.0
11,Monterrey Stadium,Monterrey,2026-06-20,32.5,20.7,44,0.0,15.0,27.04,0,549.0
11,Monterrey Stadium,Monterrey,2026-06-21,33.9,21.6,56,0.0,15.0,29.43,1,549.0
11,Monterrey Stadium,Monterrey,2026-06-22,35.0,23.0,46,0.0,14.1,29.33,1,549.0
11,Monterrey Stadium,Monterrey,2026-06-23,34.5,24.3,44,0.0,13.9,28.7,1,549.0
11,Monterrey Stadium,Monterrey,2026-06-24,31.6,23.2,63,0.0,13.0,28.09,1,549.0
11,Monterrey Stadium,Monterrey,2026-06-25,31.7,22.9,69,0.0,16.1,28.75,1,549.0
11,Monterrey Stadium,Monterrey,2026-06-26,33.6,22.4,68,0.0,13.4,30.37,1,549.0
11,Monterrey Stadium,Monterrey,2026-06-27,36.8,24.2,56,0.0,12.5,31.94,1,549.0
11,Monterrey Stadium,Monterrey,2026-06-28,35.6,24.7,54,0.0,12.7,30.69,1,549.0
11,Monterrey Stadium,Monterrey,2026-06-29,35.9,24.8,62,0.0,16.3,31.81,1,549.0
11,Monterrey Stadium,Monterrey,2026-06-30,35.9,24.5,59,0.0,20.6,31.48,1,549.0
11,Monterrey Stadium,Monterrey,2026-07-01,35.1,23.7,60,0.0,20.6,30.89,1,549.0
11,Monterrey Stadium,Monterrey,2026-07-02,34.2,22.9,55,0.0,18.9,29.58,1,549.0
11,Monterrey Stadium,Monterrey,2026-07-03,34.2,23.5,56,0.0,15.6,29.69,1,549.0
11,Monterrey Stadium,Monterrey,2026-07-04,34.4,23.2,50,0.0,14.9,29.24,1,549.0
11,Monterrey Stadium,Monterrey,2026-07-05,34.2,23.2,54,0.0,14.9,29.48,1,549.0
11,Monterrey Stadium,Monterrey,2026-07-06,34.1,23.7,60,0.0,17.5,30.01,1,549.0
11,Monterrey Stadium,Monterrey,2026-07-07,34.7,23.4,62,0.0,19.2,30.74,1,549.0
11,Monterrey Stadium,Monterrey,2026-07-08,34.9,22.6,61,0.0,19.2,30.82,1,549.0
11,Monterrey Stadium,Monterrey,2026-07-09,36.6,23.5,49,0.0,14.7,31.0,1,549.0
11,Monterrey Stadium,Monterrey,2026-07-10,35.4,23.8,52,0.0,15.3,30.3,1,549.0
11,Monterrey Stadium,Monterrey,2026-07-11,33.7,23.2,65,0.0,17.3,30.16,1,549.0
11,Monterrey Stadium,Monterrey,2026-07-12,34.7,23.4,58,0.0,17.2,30.33,1,549.0
11,Monterrey Stadium,Monterrey,2026-07-13,35.2,23.8,57,0.0,14.2,30.66,1,549.0
11,Monterrey Stadium,Monterrey,2026-07-14,34.8,23.9,61,0.0,16.1,30.73,1,549.0
11,Monterrey Stadium,Monterrey,2026-07-15,35.1,23.8,55,0.0,13.8,30.36,1,549.0
11,Monterrey Stadium,Monterrey,2026-07-16,33.5,23.3,60,0.0,14.6,29.48,1,549.0
11,Monterrey Stadium,Monterrey,2026-07-17,33.3,23.2,63,0.0,16.3,29.6,1,549.0
11,Monterrey Stadium,Monterrey,2026-07-18,32.7,23.6,62,0.0,14.0,28.97,1,549.0
11,Monterrey Stadium,Monterrey,2026-07-19,33.1,23.8,60,0.0,12.4,29.13,1,549.0
12,New York/New Jersey Stadium,New Jersey,2026-06-11,30.9,21.5,76,2.61,22.4,28.68,1,9.0
12,New York/New Jersey Stadium,New Jersey,2026-06-12,28.4,21.7,73,1.31,12.3,26.1,0,9.0
12,New York/New Jersey Stadium,New Jersey,2026-06-13,24.0,16.8,69,0.0,10.4,21.77,0,9.0
12,New York/New Jersey Stadium,New Jersey,2026-06-14,23.7,15.4,71,2.54,11.2,21.64,0,9.0
12,New York/New Jersey Stadium,New Jersey,2026-06-15,25.2,14.9,74,0.0,18.6,23.23,0,9.0
12,New York/New Jersey Stadium,New Jersey,2026-06-16,25.4,15.0,66,0.0,14.7,22.81,0,9.0
12,New York/New Jersey Stadium,New Jersey,2026-06-17,26.4,14.5,76,0.0,15.3,24.5,0,9.0
12,New York/New Jersey Stadium,New Jersey,2026-06-18,28.2,20.8,88,9.34,11.7,27.18,0,9.0
12,New York/New Jersey Stadium,New Jersey,2026-06-19,24.7,21.1,77,0.35,14.5,23.0,0,9.0
12,New York/New Jersey Stadium,New Jersey,2026-06-20,22.6,12.0,60,0.0,15.8,19.89,0,9.0
12,New York/New Jersey Stadium,New Jersey,2026-06-21,21.9,12.9,63,0.0,13.4,19.47,0,9.0
12,New York/New Jersey Stadium,New Jersey,2026-06-22,28.6,15.8,58,0.0,11.2,25.0,0,9.0
12,New York/New Jersey Stadium,New Jersey,2026-06-23,27.4,18.4,73,3.55,17.5,25.18,0,9.0
12,New York/New Jersey Stadium,New Jersey,2026-06-24,27.5,19.1,75,4.18,15.8,25.44,0,9.0
12,New York/New Jersey Stadium,New Jersey,2026-06-25,30.4,19.9,82,11.67,22.1,28.76,1,9.0
12,New York/New Jersey Stadium,New Jersey,2026-06-26,28.5,18.8,65,0.0,15.8,25.51,0,9.0
12,New York/New Jersey Stadium,New Jersey,2026-06-27,30.8,19.3,60,0.0,10.9,27.1,0,9.0
12,New York/New Jersey Stadium,New Jersey,2026-06-28,34.9,22.2,77,11.19,12.5,32.49,1,9.0
12,New York/New Jersey Stadium,New Jersey,2026-06-29,31.5,24.7,81,3.32,11.5,29.7,1,9.0
12,New York/New Jersey Stadium,New Jersey,2026-06-30,28.5,22.9,92,10.69,14.7,27.82,0,9.0
12,New York/New Jersey Stadium,New Jersey,2026-07-01,30.5,26.2,76,1.26,11.7,28.3,1,9.0
12,New York/New Jersey Stadium,New Jersey,2026-07-02,29.0,22.6,78,9.02,10.9,27.09,0,9.0
12,New York/New Jersey Stadium,New Jersey,2026-07-03,28.9,20.6,81,0.54,18.5,27.25,0,9.0
12,New York/New Jersey Stadium,New Jersey,2026-07-04,31.2,19.2,73,0.09,11.2,28.67,1,9.0
12,New York/New Jersey Stadium,New Jersey,2026-07-05,31.6,20.4,62,0.0,14.2,28.0,0,9.0
12,New York/New Jersey Stadium,New Jersey,2026-07-06,35.1,22.7,69,0.0,14.7,31.84,1,9.0
12,New York/New Jersey Stadium,New Jersey,2026-07-07,34.3,25.1,64,0.0,16.4,30.6,1,9.0
12,New York/New Jersey Stadium,New Jersey,2026-07-08,27.2,21.7,72,0.09,13.9,24.92,0,9.0
12,New York/New Jersey Stadium,New Jersey,2026-07-09,26.6,23.5,95,10.69,9.5,26.2,0,9.0
12,New York/New Jersey Stadium,New Jersey,2026-07-10,28.2,23.5,92,21.71,11.4,27.52,0,9.0
12,New York/New Jersey Stadium,New Jersey,2026-07-11,30.9,23.9,77,2.02,16.9,28.77,1,9.0
12,New York/New Jersey Stadium,New Jersey,2026-07-12,26.3,19.8,78,0.74,12.8,24.56,0,9.0
12,New York/New Jersey Stadium,New Jersey,2026-07-13,27.4,18.0,64,0.09,10.9,24.44,0,9.0
12,New York/New Jersey Stadium,New Jersey,2026-07-14,29.0,19.1,65,0.28,8.7,25.95,0,9.0
12,New York/New Jersey Stadium,New Jersey,2026-07-15,30.6,18.5,63,0.0,9.8,27.2,0,9.0
12,New York/New Jersey Stadium,New Jersey,2026-07-16,32.3,22.3,65,0.0,12.5,28.91,1,9.0
12,New York/New Jersey Stadium,New Jersey,2026-07-17,35.2,24.1,64,2.41,11.7,31.4,1,9.0
12,New York/New Jersey Stadium,New Jersey,2026-07-18,28.4,25.4,89,21.96,8.7,27.46,0,9.0
12,New York/New Jersey Stadium,New Jersey,2026-07-19,27.2,18.9,73,0.09,16.9,25.0,0,9.0
13,Philadelphia Stadium,Philadelphia,2026-06-11,31.2,21.2,70,0.18,19.6,28.39,1,1.0
13,Philadelphia Stadium,Philadelphia,2026-06-12,28.8,21.2,68,0.35,13.9,26.04,0,1.0
13,Philadelphia Stadium,Philadelphia,2026-06-13,23.6,18.8,68,0.7,11.1,21.33,0,1.0
13,Philadelphia Stadium,Philadelphia,2026-06-14,23.8,16.4,77,37.22,15.7,22.16,0,1.0
13,Philadelphia Stadium,Philadelphia,2026-06-15,24.4,14.4,73,0.0,13.8,22.42,0,1.0
13,Philadelphia Stadium,Philadelphia,2026-06-16,24.9,13.4,75,0.0,11.3,23.03,0,1.0
13,Philadelphia Stadium,Philadelphia,2026-06-17,26.5,14.3,81,0.0,13.1,24.99,0,1.0
13,Philadelphia Stadium,Philadelphia,2026-06-18,28.0,20.7,86,4.23,12.9,26.82,0,1.0
13,Philadelphia Stadium,Philadelphia,2026-06-19,25.6,21.4,79,2.47,15.0,23.99,0,1.0
13,Philadelphia Stadium,Philadelphia,2026-06-20,23.6,11.8,61,0.0,16.6,20.84,0,1.0
13,Philadelphia Stadium,Philadelphia,2026-06-21,22.8,13.1,63,0.0,16.1,20.27,0,1.0
13,Philadelphia Stadium,Philadelphia,2026-06-22,27.7,15.2,62,0.0,11.5,24.54,0,1.0
13,Philadelphia Stadium,Philadelphia,2026-06-23,29.0,18.6,71,4.5,16.8,26.48,0,1.0
13,Philadelphia Stadium,Philadelphia,2026-06-24,28.2,20.2,78,3.71,12.2,26.34,0,1.0
13,Philadelphia Stadium,Philadelphia,2026-06-25,31.3,22.0,77,3.09,20.9,29.14,1,1.0
13,Philadelphia Stadium,Philadelphia,2026-06-26,29.7,18.5,65,0.0,16.1,26.58,0,1.0
13,Philadelphia Stadium,Philadelphia,2026-06-27,32.2,19.3,53,0.0,11.5,27.66,0,1.0
13,Philadelphia Stadium,Philadelphia,2026-06-28,37.6,24.2,66,0.97,17.2,33.76,1,1.0
13,Philadelphia Stadium,Philadelphia,2026-06-29,32.5,25.7,74,8.75,9.4,29.96,1,1.0
13,Philadelphia Stadium,Philadelphia,2026-06-30,29.7,24.7,86,5.92,16.7,28.45,1,1.0
13,Philadelphia Stadium,Philadelphia,2026-07-01,31.0,25.5,78,2.92,11.0,28.95,1,1.0
13,Philadelphia Stadium,Philadelphia,2026-07-02,28.6,23.9,81,15.66,13.8,26.97,0,1.0
13,Philadelphia Stadium,Philadelphia,2026-07-03,30.4,22.2,78,0.44,14.0,28.39,1,1.0
13,Philadelphia Stadium,Philadelphia,2026-07-04,31.1,20.5,74,0.36,10.5,28.67,1,1.0
13,Philadelphia Stadium,Philadelphia,2026-07-05,31.9,21.3,63,0.09,10.3,28.36,1,1.0
13,Philadelphia Stadium,Philadelphia,2026-07-06,36.5,22.8,65,0.0,14.7,32.67,1,1.0
13,Philadelphia Stadium,Philadelphia,2026-07-07,37.1,23.8,57,0.18,12.6,32.31,1,1.0
13,Philadelphia Stadium,Philadelphia,2026-07-08,30.7,22.3,81,0.81,12.6,28.95,1,1.0
13,Philadelphia Stadium,Philadelphia,2026-07-09,31.1,25.9,85,14.94,10.3,29.7,1,1.0
13,Philadelphia Stadium,Philadelphia,2026-07-10,31.4,24.6,84,3.52,14.4,29.89,1,1.0
13,Philadelphia Stadium,Philadelphia,2026-07-11,31.5,22.1,78,6.7,13.3,29.42,1,1.0
13,Philadelphia Stadium,Philadelphia,2026-07-12,26.9,19.0,76,0.91,11.4,24.96,0,1.0
13,Philadelphia Stadium,Philadelphia,2026-07-13,28.5,18.0,61,0.0,11.7,25.17,0,1.0
13,Philadelphia Stadium,Philadelphia,2026-07-14,30.1,19.3,53,0.0,8.7,25.86,0,1.0
13,Philadelphia Stadium,Philadelphia,2026-07-15,31.9,20.2,55,0.0,9.2,27.59,0,1.0
13,Philadelphia Stadium,Philadelphia,2026-07-16,33.8,22.1,56,0.18,10.5,29.34,1,1.0
13,Philadelphia Stadium,Philadelphia,2026-07-17,37.1,24.9,51,0.0,8.2,31.65,1,1.0
13,Philadelphia Stadium,Philadelphia,2026-07-18,31.3,26.5,75,15.21,10.1,28.95,1,1.0
13,Philadelphia Stadium,Philadelphia,2026-07-19,28.1,17.9,76,0.0,19.0,26.08,0,1.0
14,San Francisco Bay Area Stadium,Santa Clara,2026-06-11,24.2,14.0,72,0.11,13.4,22.17,0,1.0
14,San Francisco Bay Area Stadium,Santa Clara,2026-06-12,22.1,13.2,75,0.39,12.8,20.44,0,1.0
14,San Francisco Bay Area Stadium,Santa Clara,2026-06-13,21.7,12.1,75,0.33,14.3,20.07,0,1.0
14,San Francisco Bay Area Stadium,Santa Clara,2026-06-14,23.1,10.9,70,0.0,14.6,21.02,0,1.0
14,San Francisco Bay Area Stadium,Santa Clara,2026-06-15,26.5,11.6,66,0.0,15.5,23.8,0,1.0
14,San Francisco Bay Area Stadium,Santa Clara,2026-06-16,26.0,12.3,64,0.0,13.7,23.19,0,1.0
14,San Francisco Bay Area Stadium,Santa Clara,2026-06-17,28.5,16.1,54,0.0,13.0,24.57,0,1.0
14,San Francisco Bay Area Stadium,Santa Clara,2026-06-18,25.9,14.4,56,0.0,14.2,22.48,0,1.0
14,San Francisco Bay Area Stadium,Santa Clara,2026-06-19,22.9,11.8,67,0.0,16.0,20.63,0,1.0
14,San Francisco Bay Area Stadium,Santa Clara,2026-06-20,25.9,11.0,65,0.0,16.6,23.18,0,1.0
14,San Francisco Bay Area Stadium,Santa Clara,2026-06-21,22.0,11.5,77,0.21,13.9,20.48,0,1.0
14,San Francisco Bay Area Stadium,Santa Clara,2026-06-22,22.0,11.9,85,1.24,14.5,21.01,0,1.0
14,San Francisco Bay Area Stadium,Santa Clara,2026-06-23,28.7,11.7,69,0.0,17.2,26.03,0,1.0
14,San Francisco Bay Area Stadium,Santa Clara,2026-06-24,28.9,12.1,56,0.0,16.6,25.09,0,1.0
14,San Francisco Bay Area Stadium,Santa Clara,2026-06-25,25.2,13.5,66,0.0,15.3,22.63,0,1.0
14,San Francisco Bay Area Stadium,Santa Clara,2026-06-26,29.6,15.1,70,0.0,15.9,26.94,0,1.0
14,San Francisco Bay Area Stadium,Santa Clara,2026-06-27,32.3,19.4,52,0.0,15.9,27.65,0,1.0
14,San Francisco Bay Area Stadium,Santa Clara,2026-06-28,32.9,18.8,44,0.0,12.6,27.37,0,1.0
14,San Francisco Bay Area Stadium,Santa Clara,2026-06-29,29.4,19.2,50,0.0,11.7,24.99,0,1.0
14,San Francisco Bay Area Stadium,Santa Clara,2026-06-30,29.1,17.1,61,0.0,12.9,25.7,0,1.0
14,San Francisco Bay Area Stadium,Santa Clara,2026-07-01,30.8,17.1,57,0.0,10.8,26.83,0,1.0
14,San Francisco Bay Area Stadium,Santa Clara,2026-07-02,31.5,17.8,49,0.0,11.1,26.68,0,1.0
14,San Francisco Bay Area Stadium,Santa Clara,2026-07-03,31.5,18.8,49,0.0,10.5,26.68,0,1.0
14,San Francisco Bay Area Stadium,Santa Clara,2026-07-04,28.7,16.2,64,0.0,12.0,25.6,0,1.0
14,San Francisco Bay Area Stadium,Santa Clara,2026-07-05,27.9,12.6,63,0.0,14.4,24.8,0,1.0
14,San Francisco Bay Area Stadium,Santa Clara,2026-07-06,32.5,14.1,47,0.0,13.8,27.33,0,1.0
14,San Francisco Bay Area Stadium,Santa Clara,2026-07-07,37.5,14.3,33,0.0,13.6,29.96,1,1.0
14,San Francisco Bay Area Stadium,Santa Clara,2026-07-08,35.0,16.3,39,0.0,11.8,28.59,1,1.0
14,San Francisco Bay Area Stadium,Santa Clara,2026-07-09,30.6,17.9,58,0.0,12.1,26.74,0,1.0
14,San Francisco Bay Area Stadium,Santa Clara,2026-07-10,27.3,16.2,73,0.08,11.5,25.09,0,1.0
14,San Francisco Bay Area Stadium,Santa Clara,2026-07-11,28.4,15.7,64,0.0,12.5,25.33,0,1.0
14,San Francisco Bay Area Stadium,Santa Clara,2026-07-12,25.0,14.4,67,0.0,12.2,22.52,0,1.0
14,San Francisco Bay Area Stadium,Santa Clara,2026-07-13,22.0,14.2,76,0.04,12.2,20.42,0,1.0
14,San Francisco Bay Area Stadium,Santa Clara,2026-07-14,27.5,14.4,72,0.04,13.8,25.19,0,1.0
14,San Francisco Bay Area Stadium,Santa Clara,2026-07-15,30.1,15.4,58,0.0,12.9,26.31,0,1.0
14,San Francisco Bay Area Stadium,Santa Clara,2026-07-16,30.7,16.4,55,0.0,12.3,26.56,0,1.0
14,San Francisco Bay Area Stadium,Santa Clara,2026-07-17,32.8,16.1,57,0.0,11.4,28.57,1,1.0
14,San Francisco Bay Area Stadium,Santa Clara,2026-07-18,36.7,16.2,38,0.0,11.4,29.87,1,1.0
14,San Francisco Bay Area Stadium,Santa Clara,2026-07-19,34.5,19.4,37,0.0,12.1,27.98,0,1.0
15,Seattle Stadium,Seattle,2026-06-11,25.1,13.0,71,0.37,14.7,22.92,0,3.0
15,Seattle Stadium,Seattle,2026-06-12,20.5,12.0,73,0.3,13.6,18.84,0,3.0
15,Seattle Stadium,Seattle,2026-06-13,19.8,13.0,80,0.82,6.8,18.61,0,3.0
15,Seattle Stadium,Seattle,2026-06-14,22.0,13.4,75,0.74,7.3,20.35,0,3.0
15,Seattle Stadium,Seattle,2026-06-15,20.5,12.6,74,0.44,9.6,18.9,0,3.0
15,Seattle Stadium,Seattle,2026-06-16,22.0,11.9,62,0.07,9.0,19.49,0,3.0
15,Seattle Stadium,Seattle,2026-06-17,20.7,11.1,73,0.74,13.0,19.02,0,3.0
15,Seattle Stadium,Seattle,2026-06-18,14.3,10.4,88,6.78,10.1,13.79,0,3.0
15,Seattle Stadium,Seattle,2026-06-19,19.1,9.6,80,0.74,9.6,17.95,0,3.0
15,Seattle Stadium,Seattle,2026-06-20,19.7,9.2,70,0.0,9.0,17.93,0,3.0
15,Seattle Stadium,Seattle,2026-06-21,21.5,6.9,66,0.0,14.6,19.31,0,3.0
15,Seattle Stadium,Seattle,2026-06-22,24.6,9.9,66,0.0,13.5,22.09,0,3.0
15,Seattle Stadium,Seattle,2026-06-23,23.7,13.9,73,0.51,7.8,21.78,0,3.0
15,Seattle Stadium,Seattle,2026-06-24,25.7,14.4,68,0.0,5.0,23.23,0,3.0
15,Seattle Stadium,Seattle,2026-06-25,24.1,15.0,79,12.77,11.2,22.58,0,3.0
15,Seattle Stadium,Seattle,2026-06-26,18.3,15.3,88,5.79,19.0,17.64,0,3.0
15,Seattle Stadium,Seattle,2026-06-27,18.6,13.1,80,2.89,19.0,17.48,0,3.0
15,Seattle Stadium,Seattle,2026-06-28,20.2,10.6,78,2.16,10.0,18.87,0,3.0
15,Seattle Stadium,Seattle,2026-06-29,22.8,7.2,67,0.0,13.9,20.54,0,3.0
15,Seattle Stadium,Seattle,2026-06-30,24.8,8.6,65,0.0,13.3,22.2,0,3.0
15,Seattle Stadium,Seattle,2026-07-01,27.8,10.8,62,0.0,12.8,24.63,0,3.0
15,Seattle Stadium,Seattle,2026-07-02,26.3,14.4,67,0.0,12.2,23.7,0,3.0
15,Seattle Stadium,Seattle,2026-07-03,25.1,15.2,61,0.14,14.4,22.16,0,3.0
15,Seattle Stadium,Seattle,2026-07-04,20.8,13.8,79,4.36,13.9,19.49,0,3.0
15,Seattle Stadium,Seattle,2026-07-05,22.7,12.9,77,0.36,6.7,21.13,0,3.0
15,Seattle Stadium,Seattle,2026-07-06,23.4,15.8,82,2.01,9.4,22.14,0,3.0
15,Seattle Stadium,Seattle,2026-07-07,26.6,15.8,70,0.14,10.0,24.21,0,3.0
15,Seattle Stadium,Seattle,2026-07-08,27.4,14.7,68,0.0,12.2,24.77,0,3.0
15,Seattle Stadium,Seattle,2026-07-09,26.6,14.9,75,0.43,11.7,24.61,0,3.0
15,Seattle Stadium,Seattle,2026-07-10,25.8,15.5,66,0.0,12.2,23.17,0,3.0
15,Seattle Stadium,Seattle,2026-07-11,23.7,14.0,70,0.29,9.4,21.57,0,3.0
15,Seattle Stadium,Seattle,2026-07-12,24.3,10.6,64,0.0,8.9,21.68,0,3.0
15,Seattle Stadium,Seattle,2026-07-13,23.4,13.7,74,0.66,8.3,21.57,0,3.0
15,Seattle Stadium,Seattle,2026-07-14,21.4,14.6,81,3.38,7.8,20.18,0,3.0
15,Seattle Stadium,Seattle,2026-07-15,22.9,15.3,77,0.66,12.8,21.32,0,3.0
15,Seattle Stadium,Seattle,2026-07-16,24.8,9.9,67,0.0,15.6,22.34,0,3.0
15,Seattle Stadium,Seattle,2026-07-17,28.9,15.3,59,0.0,12.8,25.35,0,3.0
15,Seattle Stadium,Seattle,2026-07-18,28.7,14.2,66,0.0,11.1,25.77,0,3.0
15,Seattle Stadium,Seattle,2026-07-19,28.6,14.5,70,0.0,10.6,26.03,0,3.0
16,Toronto Stadium,Toronto,2026-06-11,21.3,17.9,91,6.64,20.1,20.72,0,85.0
16,Toronto Stadium,Toronto,2026-06-12,17.7,14.8,81,0.07,15.5,16.69,0,85.0
16,Toronto Stadium,Toronto,2026-06-13,18.1,11.8,73,0.0,13.9,16.63,0,85.0
16,Toronto Stadium,Toronto,2026-06-14,18.6,12.8,71,0.0,13.9,16.98,0,85.0
16,Toronto Stadium,Toronto,2026-06-15,20.5,14.5,69,0.0,10.1,18.59,0,85.0
16,Toronto Stadium,Toronto,2026-06-16,23.1,16.2,73,0.0,12.0,21.23,0,85.0
16,Toronto Stadium,Toronto,2026-06-17,24.2,18.0,80,3.59,14.9,22.75,0,85.0
16,Toronto Stadium,Toronto,2026-06-18,23.2,20.8,86,0.34,21.5,22.23,0,85.0
16,Toronto Stadium,Toronto,2026-06-19,17.3,11.0,72,0.0,20.6,15.85,0,85.0
16,Toronto Stadium,Toronto,2026-06-20,18.8,11.6,69,0.0,19.6,17.05,0,85.0
16,Toronto Stadium,Toronto,2026-06-21,22.7,14.7,69,0.0,19.0,20.59,0,85.0
16,Toronto Stadium,Toronto,2026-06-22,23.2,16.7,71,0.0,15.8,21.18,0,85.0
16,Toronto Stadium,Toronto,2026-06-23,23.8,19.3,70,1.24,18.7,21.66,0,85.0
16,Toronto Stadium,Toronto,2026-06-24,20.3,15.3,71,0.62,19.3,18.53,0,85.0
16,Toronto Stadium,Toronto,2026-06-25,25.2,19.2,80,0.41,22.0,23.69,0,85.0
16,Toronto Stadium,Toronto,2026-06-26,23.7,15.7,76,3.58,16.3,21.99,0,85.0
16,Toronto Stadium,Toronto,2026-06-27,19.6,16.2,87,0.07,24.7,18.84,0,85.0
16,Toronto Stadium,Toronto,2026-06-28,23.7,18.9,91,8.32,27.7,23.06,0,85.0
16,Toronto Stadium,Toronto,2026-06-29,23.4,19.4,79,0.0,14.7,21.93,0,85.0
16,Toronto Stadium,Toronto,2026-06-30,24.5,20.8,85,0.28,20.4,23.4,0,85.0
16,Toronto Stadium,Toronto,2026-07-01,20.8,15.1,76,0.34,14.4,19.3,0,85.0
16,Toronto Stadium,Toronto,2026-07-02,22.2,17.8,76,1.58,14.7,20.6,0,85.0
16,Toronto Stadium,Toronto,2026-07-03,23.3,17.5,75,0.69,17.4,21.55,0,85.0
16,Toronto Stadium,Toronto,2026-07-04,25.8,18.1,71,0.07,17.7,23.56,0,85.0
16,Toronto Stadium,Toronto,2026-07-05,29.1,21.7,75,0.0,21.5,26.92,0,85.0
16,Toronto Stadium,Toronto,2026-07-06,30.7,25.3,72,0.56,19.1,28.12,1,85.0
16,Toronto Stadium,Toronto,2026-07-07,26.3,22.3,85,0.49,19.6,25.12,0,85.0
16,Toronto Stadium,Toronto,2026-07-08,21.6,20.8,80,0.28,20.2,20.3,0,85.0
16,Toronto Stadium,Toronto,2026-07-09,23.3,21.9,92,0.56,13.4,22.74,0,85.0
16,Toronto Stadium,Toronto,2026-07-10,27.0,23.0,83,6.29,16.4,25.62,0,85.0
16,Toronto Stadium,Toronto,2026-07-11,22.9,21.1,83,7.37,23.2,21.73,0,85.0
16,Toronto Stadium,Toronto,2026-07-12,21.9,17.9,75,0.0,18.6,20.26,0,85.0
16,Toronto Stadium,Toronto,2026-07-13,24.0,17.0,68,0.0,16.4,21.7,0,85.0
16,Toronto Stadium,Toronto,2026-07-14,26.7,18.6,65,0.22,11.5,23.9,0,85.0
16,Toronto Stadium,Toronto,2026-07-15,28.6,22.5,75,0.14,18.3,26.45,0,85.0
16,Toronto Stadium,Toronto,2026-07-16,30.8,22.9,73,0.0,18.6,28.31,1,85.0
16,Toronto Stadium,Toronto,2026-07-17,27.6,25.5,81,1.09,14.2,26.03,0,85.0
16,Toronto Stadium,Toronto,2026-07-18,22.1,19.1,77,0.07,14.3,20.58,0,85.0
16,Toronto Stadium,Toronto,2026-07-19,23.0,16.4,67,0.0,14.0,20.72,0,85.0
